"customer_id","first_name","last_name"
3,"Alice","Smith"
4,"Bob","Johnson"
8,"David","Clark"
5,"Emma","Brown"
15,"Hiren","Patel"
1,"Hiren","Parejiya"
10,"James","Garcia"
13,"Jennie","Terry"
12,"Jennifer","Davis"
14,"JENNY","SMITH"
2,"John","Doe"
6,"Michael","Lee"
9,"Olivia","Martinez"
7,"Sarah","Wilson"
